[{"pk": 1, "model": "suivi.Config_referentiel", "fields": {"nombre_niveaux_savoirs": 3, "nom_diplome": "BTS a\u00e9ronautique", "nom_competences": "comp\u00e9tence", "nombre_niveaux_competences": 1, "nom_savoirs": "savoir", "nombre_niveaux_taches": 2, "nom_taches": "t\u00e2che"}}, {"pk": 1, "model": "suivi.Competence", "fields": {"nom": "Identifier les fonctions et l\u2019architecture d'ensembles pluri techniques.", "ref_referentiel": "C01"}}, {"pk": 2, "model": "suivi.Competence", "fields": {"nom": "Concevoir des \u00e9volutions de solutions techniques et de proc\u00e9dures.", "ref_referentiel": "C02"}}, {"pk": 3, "model": "suivi.Competence", "fields": {"nom": "Concevoir des processus d'assemblage et de maintenance.", "ref_referentiel": "C03"}}, {"pk": 4, "model": "suivi.Competence", "fields": {"nom": "\u00c9laborer des documents techniques.", "ref_referentiel": "C04"}}, {"pk": 5, "model": "suivi.Competence", "fields": {"nom": "D\u00e9finir les sp\u00e9cifications techniques d\u2019un cahier des charges.", "ref_referentiel": "C05"}}, {"pk": 6, "model": "suivi.Competence", "fields": {"nom": "Constituer des dossiers techniques.", "ref_referentiel": "C06"}}, {"pk": 7, "model": "suivi.Competence", "fields": {"nom": "Exploiter des donn\u00e9es.", "ref_referentiel": "C07"}}, {"pk": 8, "model": "suivi.Competence", "fields": {"nom": "Estimer des co\u00fbts de production.", "ref_referentiel": "C08"}}, {"pk": 9, "model": "suivi.Competence", "fields": {"nom": "G\u00e9rer les ressources humaines requises pour conduire une activit\u00e9 technique.", "ref_referentiel": "C09"}}, {"pk": 10, "model": "suivi.Competence", "fields": {"nom": "G\u00e9rer un planning.", "ref_referentiel": "C10"}}, {"pk": 11, "model": "suivi.Competence", "fields": {"nom": "Mettre en \u0153uvre des processus op\u00e9rationnels.", "ref_referentiel": "C11"}}, {"pk": 12, "model": "suivi.Competence", "fields": {"nom": "D\u00e9tecter des non-conformit\u00e9s ou des pannes.", "ref_referentiel": "C12"}}, {"pk": 13, "model": "suivi.Competence", "fields": {"nom": "Diagnostiquer les causes des non-conformit\u00e9s ou des pannes.", "ref_referentiel": "C13"}}, {"pk": 14, "model": "suivi.Competence", "fields": {"nom": "Conduire un contr\u00f4le ou un essai.", "ref_referentiel": "C14"}}, {"pk": 15, "model": "suivi.Competence", "fields": {"nom": "Contr\u00f4ler l'application de la r\u00e9glementation.", "ref_referentiel": "C15"}}, {"pk": 16, "model": "suivi.Competence", "fields": {"nom": "Assurer une veille r\u00e8glementaire.", "ref_referentiel": "C16"}}, {"pk": 17, "model": "suivi.Competence", "fields": {"nom": "Assurer le maintien de navigabilit\u00e9.", "ref_referentiel": "C17"}}, {"pk": 18, "model": "suivi.Competence", "fields": {"nom": "Assurer la tra\u00e7abilit\u00e9.", "ref_referentiel": "C18"}}, {"pk": 19, "model": "suivi.Competence", "fields": {"nom": "Communiquer.", "ref_referentiel": "C19"}}, {"pk": 1, "model": "suivi.Tache", "fields": {"groupe": 1, "nom": "Participation \u00e0 l\u2019\u00e9laboration de la politique d\u2019entretien des a\u00e9ronefs et des \u00e9quipements.", "ref_referentiel": "T1.1"}}, {"pk": 2, "model": "suivi.Tache", "fields": {"groupe": 1, "nom": "Suivi et revue de navigabilit\u00e9 d\u2019a\u00e9ronefs.", "ref_referentiel": "T1.2"}}, {"pk": 3, "model": "suivi.Tache", "fields": {"groupe": 1, "nom": "Organisation de la maintenance.", "ref_referentiel": "T1.3"}}, {"pk": 4, "model": "suivi.Tache", "fields": {"groupe": 1, "nom": "Exploitation des retours d\u2019exp\u00e9rience.", "ref_referentiel": "T1.4"}}, {"pk": 5, "model": "suivi.Tache", "fields": {"groupe": 1, "nom": "Participation \u00e0 l\u2019\u00e9laboration de proc\u00e9dures de r\u00e9parations et de modifications techniques de l\u2019a\u00e9ronef.", "ref_referentiel": "T1.5"}}, {"pk": 6, "model": "suivi.Tache", "fields": {"groupe": 2, "nom": "Gestion, organisation et coordination technique des op\u00e9rations d\u2019assemblage.", "ref_referentiel": "T2.1"}}, {"pk": 7, "model": "suivi.Tache", "fields": {"groupe": 2, "nom": "Identification et traitement des al\u00e9as de conception des non-conformit\u00e9s et des d\u00e9rogations.", "ref_referentiel": "T2.2"}}, {"pk": 8, "model": "suivi.Tache", "fields": {"groupe": 2, "nom": "Conception et int\u00e9gration des modifications de configuration et des \u00e9volutions des structures et des syst\u00e8mes.", "ref_referentiel": "T2.3"}}, {"pk": 9, "model": "suivi.Tache", "fields": {"groupe": 3, "nom": "Contr\u00f4les et essais \u00e0 partir de proc\u00e9dures.", "ref_referentiel": "T3.1"}}, {"pk": 10, "model": "suivi.Tache", "fields": {"groupe": 3, "nom": "Traitement des non conformit\u00e9s.", "ref_referentiel": "T3.2"}}, {"pk": 11, "model": "suivi.Tache", "fields": {"groupe": 3, "nom": "Mise au point des nouvelles installations dans l\u2019a\u00e9ronef.", "ref_referentiel": "T3.3"}}, {"pk": 12, "model": "suivi.Tache", "fields": {"groupe": 3, "nom": "Suivi d\u2019a\u00e9ronef jusqu\u2019\u00e0 sa mise en vol.", "ref_referentiel": "T3.4"}}, {"pk": 13, "model": "suivi.Tache", "fields": {"groupe": 4, "nom": "Assistance technique au client.", "ref_referentiel": "T4.1"}}, {"pk": 14, "model": "suivi.Tache", "fields": {"groupe": 4, "nom": "R\u00e9daction de documentation technique, y compris en anglais.", "ref_referentiel": "T4.2"}}, {"pk": 15, "model": "suivi.Tache", "fields": {"groupe": 5, "nom": "Animation d\u2019une \u00e9quipe de techniciens.", "ref_referentiel": "T5.1"}}, {"pk": 16, "model": "suivi.Tache", "fields": {"groupe": 5, "nom": "Participation \u00e0 la mise en application et \u00e0 l\u2019\u00e9volution du plan qualit\u00e9 de l\u2019entreprise.", "ref_referentiel": "T5.2"}}, {"pk": 1, "model": "suivi.Groupe_tache", "fields": {"niveau": 1, "nom": "Ing\u00e9nierie d\u2019exploitation et de maintenance des a\u00e9ronefs", "ref_referentiel": "Activit\u00e9 1"}}, {"pk": 2, "model": "suivi.Groupe_tache", "fields": {"niveau": 1, "nom": "Ing\u00e9nierie de l\u2019assemblage des a\u00e9ronefs", "ref_referentiel": "Activit\u00e9 2"}}, {"pk": 3, "model": "suivi.Groupe_tache", "fields": {"niveau": 1, "nom": "Contr\u00f4les, essais et mises au point", "ref_referentiel": "Activit\u00e9 3"}}, {"pk": 4, "model": "suivi.Groupe_tache", "fields": {"niveau": 1, "nom": "Support client", "ref_referentiel": "Activit\u00e9 4"}}, {"pk": 5, "model": "suivi.Groupe_tache", "fields": {"niveau": 1, "nom": "Management d\u2019une \u00e9quipe", "ref_referentiel": "Activit\u00e9 5"}}, {"pk": 1, "model": "suivi.Competence_dans_tache", "fields": {"nb": 1, "tache": 5, "competence": 1}}, {"pk": 2, "model": "suivi.Competence_dans_tache", "fields": {"nb": 1, "tache": 7, "competence": 1}}, {"pk": 3, "model": "suivi.Competence_dans_tache", "fields": {"nb": 1, "tache": 8, "competence": 1}}, {"pk": 4, "model": "suivi.Competence_dans_tache", "fields": {"nb": 1, "tache": 9, "competence": 1}}, {"pk": 5, "model": "suivi.Competence_dans_tache", "fields": {"nb": 1, "tache": 10, "competence": 1}}, {"pk": 6, "model": "suivi.Competence_dans_tache", "fields": {"nb": 1, "tache": 11, "competence": 1}}, {"pk": 7, "model": "suivi.Competence_dans_tache", "fields": {"nb": 1, "tache": 5, "competence": 2}}, {"pk": 8, "model": "suivi.Competence_dans_tache", "fields": {"nb": 1, "tache": 7, "competence": 2}}, {"pk": 9, "model": "suivi.Competence_dans_tache", "fields": {"nb": 1, "tache": 8, "competence": 2}}, {"pk": 10, "model": "suivi.Competence_dans_tache", "fields": {"nb": 1, "tache": 14, "competence": 2}}, {"pk": 11, "model": "suivi.Competence_dans_tache", "fields": {"nb": 1, "tache": 16, "competence": 2}}, {"pk": 12, "model": "suivi.Competence_dans_tache", "fields": {"nb": 1, "tache": 3, "competence": 3}}, {"pk": 13, "model": "suivi.Competence_dans_tache", "fields": {"nb": 1, "tache": 5, "competence": 3}}, {"pk": 14, "model": "suivi.Competence_dans_tache", "fields": {"nb": 1, "tache": 6, "competence": 3}}, {"pk": 15, "model": "suivi.Competence_dans_tache", "fields": {"nb": 1, "tache": 7, "competence": 3}}, {"pk": 16, "model": "suivi.Competence_dans_tache", "fields": {"nb": 1, "tache": 8, "competence": 3}}, {"pk": 17, "model": "suivi.Competence_dans_tache", "fields": {"nb": 1, "tache": 5, "competence": 4}}, {"pk": 18, "model": "suivi.Competence_dans_tache", "fields": {"nb": 1, "tache": 6, "competence": 4}}, {"pk": 19, "model": "suivi.Competence_dans_tache", "fields": {"nb": 1, "tache": 7, "competence": 4}}, {"pk": 20, "model": "suivi.Competence_dans_tache", "fields": {"nb": 1, "tache": 8, "competence": 4}}, {"pk": 21, "model": "suivi.Competence_dans_tache", "fields": {"nb": 1, "tache": 9, "competence": 4}}, {"pk": 22, "model": "suivi.Competence_dans_tache", "fields": {"nb": 1, "tache": 10, "competence": 4}}, {"pk": 23, "model": "suivi.Competence_dans_tache", "fields": {"nb": 1, "tache": 11, "competence": 4}}, {"pk": 24, "model": "suivi.Competence_dans_tache", "fields": {"nb": 1, "tache": 14, "competence": 4}}, {"pk": 25, "model": "suivi.Competence_dans_tache", "fields": {"nb": 1, "tache": 6, "competence": 5}}, {"pk": 26, "model": "suivi.Competence_dans_tache", "fields": {"nb": 1, "tache": 8, "competence": 5}}, {"pk": 27, "model": "suivi.Competence_dans_tache", "fields": {"nb": 1, "tache": 14, "competence": 5}}, {"pk": 28, "model": "suivi.Competence_dans_tache", "fields": {"nb": 1, "tache": 3, "competence": 6}}, {"pk": 29, "model": "suivi.Competence_dans_tache", "fields": {"nb": 1, "tache": 4, "competence": 6}}, {"pk": 30, "model": "suivi.Competence_dans_tache", "fields": {"nb": 1, "tache": 5, "competence": 6}}, {"pk": 31, "model": "suivi.Competence_dans_tache", "fields": {"nb": 1, "tache": 6, "competence": 6}}, {"pk": 32, "model": "suivi.Competence_dans_tache", "fields": {"nb": 1, "tache": 8, "competence": 6}}, {"pk": 33, "model": "suivi.Competence_dans_tache", "fields": {"nb": 1, "tache": 12, "competence": 6}}, {"pk": 34, "model": "suivi.Competence_dans_tache", "fields": {"nb": 1, "tache": 13, "competence": 6}}, {"pk": 35, "model": "suivi.Competence_dans_tache", "fields": {"nb": 1, "tache": 14, "competence": 6}}, {"pk": 36, "model": "suivi.Competence_dans_tache", "fields": {"nb": 1, "tache": 4, "competence": 7}}, {"pk": 37, "model": "suivi.Competence_dans_tache", "fields": {"nb": 1, "tache": 5, "competence": 7}}, {"pk": 38, "model": "suivi.Competence_dans_tache", "fields": {"nb": 1, "tache": 7, "competence": 7}}, {"pk": 39, "model": "suivi.Competence_dans_tache", "fields": {"nb": 1, "tache": 9, "competence": 7}}, {"pk": 40, "model": "suivi.Competence_dans_tache", "fields": {"nb": 1, "tache": 10, "competence": 7}}, {"pk": 41, "model": "suivi.Competence_dans_tache", "fields": {"nb": 1, "tache": 15, "competence": 7}}, {"pk": 42, "model": "suivi.Competence_dans_tache", "fields": {"nb": 1, "tache": 16, "competence": 7}}, {"pk": 43, "model": "suivi.Competence_dans_tache", "fields": {"nb": 1, "tache": 3, "competence": 8}}, {"pk": 44, "model": "suivi.Competence_dans_tache", "fields": {"nb": 1, "tache": 4, "competence": 8}}, {"pk": 45, "model": "suivi.Competence_dans_tache", "fields": {"nb": 1, "tache": 6, "competence": 8}}, {"pk": 46, "model": "suivi.Competence_dans_tache", "fields": {"nb": 1, "tache": 8, "competence": 8}}, {"pk": 47, "model": "suivi.Competence_dans_tache", "fields": {"nb": 1, "tache": 13, "competence": 8}}, {"pk": 48, "model": "suivi.Competence_dans_tache", "fields": {"nb": 1, "tache": 1, "competence": 9}}, {"pk": 49, "model": "suivi.Competence_dans_tache", "fields": {"nb": 1, "tache": 3, "competence": 9}}, {"pk": 50, "model": "suivi.Competence_dans_tache", "fields": {"nb": 1, "tache": 6, "competence": 9}}, {"pk": 51, "model": "suivi.Competence_dans_tache", "fields": {"nb": 1, "tache": 12, "competence": 9}}, {"pk": 52, "model": "suivi.Competence_dans_tache", "fields": {"nb": 1, "tache": 15, "competence": 9}}, {"pk": 53, "model": "suivi.Competence_dans_tache", "fields": {"nb": 1, "tache": 16, "competence": 9}}, {"pk": 54, "model": "suivi.Competence_dans_tache", "fields": {"nb": 1, "tache": 3, "competence": 10}}, {"pk": 55, "model": "suivi.Competence_dans_tache", "fields": {"nb": 1, "tache": 6, "competence": 10}}, {"pk": 56, "model": "suivi.Competence_dans_tache", "fields": {"nb": 1, "tache": 12, "competence": 10}}, {"pk": 57, "model": "suivi.Competence_dans_tache", "fields": {"nb": 1, "tache": 8, "competence": 11}}, {"pk": 58, "model": "suivi.Competence_dans_tache", "fields": {"nb": 1, "tache": 10, "competence": 11}}, {"pk": 59, "model": "suivi.Competence_dans_tache", "fields": {"nb": 1, "tache": 11, "competence": 11}}, {"pk": 60, "model": "suivi.Competence_dans_tache", "fields": {"nb": 1, "tache": 7, "competence": 12}}, {"pk": 61, "model": "suivi.Competence_dans_tache", "fields": {"nb": 1, "tache": 9, "competence": 12}}, {"pk": 62, "model": "suivi.Competence_dans_tache", "fields": {"nb": 1, "tache": 7, "competence": 13}}, {"pk": 63, "model": "suivi.Competence_dans_tache", "fields": {"nb": 1, "tache": 9, "competence": 13}}, {"pk": 64, "model": "suivi.Competence_dans_tache", "fields": {"nb": 1, "tache": 10, "competence": 13}}, {"pk": 65, "model": "suivi.Competence_dans_tache", "fields": {"nb": 1, "tache": 7, "competence": 14}}, {"pk": 66, "model": "suivi.Competence_dans_tache", "fields": {"nb": 1, "tache": 9, "competence": 14}}, {"pk": 67, "model": "suivi.Competence_dans_tache", "fields": {"nb": 1, "tache": 10, "competence": 14}}, {"pk": 68, "model": "suivi.Competence_dans_tache", "fields": {"nb": 1, "tache": 11, "competence": 14}}, {"pk": 69, "model": "suivi.Competence_dans_tache", "fields": {"nb": 1, "tache": 1, "competence": 15}}, {"pk": 70, "model": "suivi.Competence_dans_tache", "fields": {"nb": 1, "tache": 2, "competence": 15}}, {"pk": 71, "model": "suivi.Competence_dans_tache", "fields": {"nb": 1, "tache": 3, "competence": 15}}, {"pk": 72, "model": "suivi.Competence_dans_tache", "fields": {"nb": 1, "tache": 6, "competence": 15}}, {"pk": 73, "model": "suivi.Competence_dans_tache", "fields": {"nb": 1, "tache": 7, "competence": 15}}, {"pk": 74, "model": "suivi.Competence_dans_tache", "fields": {"nb": 1, "tache": 8, "competence": 15}}, {"pk": 75, "model": "suivi.Competence_dans_tache", "fields": {"nb": 1, "tache": 1, "competence": 16}}, {"pk": 76, "model": "suivi.Competence_dans_tache", "fields": {"nb": 1, "tache": 2, "competence": 16}}, {"pk": 77, "model": "suivi.Competence_dans_tache", "fields": {"nb": 1, "tache": 4, "competence": 16}}, {"pk": 78, "model": "suivi.Competence_dans_tache", "fields": {"nb": 1, "tache": 8, "competence": 16}}, {"pk": 79, "model": "suivi.Competence_dans_tache", "fields": {"nb": 1, "tache": 2, "competence": 17}}, {"pk": 80, "model": "suivi.Competence_dans_tache", "fields": {"nb": 1, "tache": 2, "competence": 18}}, {"pk": 81, "model": "suivi.Competence_dans_tache", "fields": {"nb": 1, "tache": 6, "competence": 18}}, {"pk": 82, "model": "suivi.Competence_dans_tache", "fields": {"nb": 1, "tache": 7, "competence": 18}}, {"pk": 83, "model": "suivi.Competence_dans_tache", "fields": {"nb": 1, "tache": 8, "competence": 18}}, {"pk": 84, "model": "suivi.Competence_dans_tache", "fields": {"nb": 1, "tache": 9, "competence": 18}}, {"pk": 85, "model": "suivi.Competence_dans_tache", "fields": {"nb": 1, "tache": 10, "competence": 18}}, {"pk": 86, "model": "suivi.Competence_dans_tache", "fields": {"nb": 1, "tache": 11, "competence": 18}}, {"pk": 87, "model": "suivi.Competence_dans_tache", "fields": {"nb": 1, "tache": 13, "competence": 18}}, {"pk": 88, "model": "suivi.Competence_dans_tache", "fields": {"nb": 1, "tache": 1, "competence": 19}}, {"pk": 89, "model": "suivi.Competence_dans_tache", "fields": {"nb": 1, "tache": 4, "competence": 19}}, {"pk": 90, "model": "suivi.Competence_dans_tache", "fields": {"nb": 1, "tache": 6, "competence": 19}}, {"pk": 91, "model": "suivi.Competence_dans_tache", "fields": {"nb": 1, "tache": 7, "competence": 19}}, {"pk": 92, "model": "suivi.Competence_dans_tache", "fields": {"nb": 1, "tache": 8, "competence": 19}}, {"pk": 93, "model": "suivi.Competence_dans_tache", "fields": {"nb": 1, "tache": 13, "competence": 19}}, {"pk": 94, "model": "suivi.Competence_dans_tache", "fields": {"nb": 1, "tache": 14, "competence": 19}}, {"pk": 95, "model": "suivi.Competence_dans_tache", "fields": {"nb": 1, "tache": 15, "competence": 19}}, {"pk": 96, "model": "suivi.Competence_dans_tache", "fields": {"nb": 1, "tache": 16, "competence": 19}}]